name,url
Polo Digital 10,https://www.polodigital10.com
Neyba Informativo,https://www.neybainformativo.net
Diario Altagraciano,https://www.altagraciano.com
Noti Digital RD,https://www.notidigitalrd.com.do
La Voz de San Juan,https://www.lavozdesanjuan.net
Despierta El Sur,https://www.despiertaelsur.com
El Jacaguero,https://www.eljacaguero.com.do
Caribbean Digital,https://www.caribbeandigital.net
Noticias Breves JAZB,https://noticiasbrevesjazb.com
10 Noticias,https://www.10noticias.com.do
Gobernanzas Digital,https://gobernanzasdigital.com
M2 Noticias,https://m2noticias.com
Factor Mundo,https://factormundo.com
Conocer al Autor,https://conoceralautor.do
El Vespertino,https://www.elvespertino.com
Entre Notas,https://www.entrenotas.com.do
Expreso Digital,https://expresodigital.com.do
Valor Noticioso,https://www.valornoticioso.com
Revista Business,https://revistabusiness.com.do
Armario Libre,https://armariolibre.com.do
El Pregonero RD,https://elpregonerord.com
Diario Noticioso RD,https://diarionoticiosord.com
Nizaero,https://nizaero.com
Fuente Noticias,https://fuentenoticias.com
Noti Impacto,https://www.notiimpacto.com.do
RD 24 Horas,https://rd24horas.com
Pincel Digital,https://pinceldigital.do
Imparcial RD,https://www.imparcialrd.com
Noticias en un Clic,https://noticiasenunclic.com
Tu República,https://turepublica.com
El Diario,https://eldiario.do
